layout_id,strategy,heliostat_count,group_count,intercept_fraction_proxy,spillage_proxy,peak_flux_proxy,mean_active_flux_proxy,peak_to_mean_proxy,cv_active_proxy
baseline_full,equator,11915,349,0.9999999999999916,8.43769498715119e-15,9.557531801424943,1.8051986344232072,5.294448831930755,1.154130931223878
baseline_full,five_point,11915,349,0.9886959980382503,0.011304001961749743,2.61954177514856,1.2044777145782515,2.174836232703395,0.30801328082560897
baseline_full,staggered_levels:9:0.380:0,11915,349,0.9938542273100508,0.006145772689949203,2.2135063719525467,1.3573053540011757,1.630809430926793,0.25920363124567036
deform_0276,equator,11915,347,0.999999999999992,7.993605777301127e-15,8.816820998511044,1.808858526577459,4.874245757181105,1.1531147096387375
deform_0276,five_point,11915,347,0.9886720600562515,0.011327939943748477,2.4989471955075047,1.2088246566886958,2.067253659726639,0.3133539676876246
deform_0276,staggered_levels:9:0.380:0,11915,347,0.9938124483995937,0.006187551600406294,2.1035903489278867,1.3646241024392658,1.5415163378455052,0.2636582345653358
deform_0893,equator,11915,346,0.9999999999999918,8.215650382226158e-15,8.728185561084306,1.8046509696587052,4.836495093970983,1.1523825252334765
deform_0893,five_point,11915,346,0.9885837348921164,0.011416265107883627,2.521008399785222,1.2040240643311966,2.0938189480337135,0.3071368932416733
deform_0893,staggered_levels:9:0.380:2,11915,346,0.9936439187794133,0.006356081220586729,2.0890120971565556,1.3659773059568476,1.5293168400724142,0.2671717607162932
deform_1387,equator,11915,351,0.999999999999992,7.993605777301127e-15,8.341011871976654,1.803428585850187,4.625085760212937,1.1512973543548761
deform_1387,five_point,11915,351,0.9886858324931828,0.011314167506817241,2.4689324479303068,1.206527801225224,2.046312107705364,0.29733336527522713
deform_1387,staggered_levels:9:0.380:1,11915,351,0.9937683647046124,0.006231635295387616,2.0857814758342763,1.3511564096929172,1.5437009815231684,0.2526997041362772
ctrl_radial_expand_015,equator,11915,349,0.9999999999999919,8.104628079763643e-15,9.55407128540861,1.803817781598646,5.296583381577072,1.154282868742011
ctrl_radial_expand_015,five_point,11915,349,0.988696127180254,0.011303872819745986,2.6175519589819407,1.2037146434780295,2.1745618641132007,0.30824849893057593
ctrl_radial_expand_015,staggered_levels:9:0.380:0,11915,349,0.9938541124986054,0.0061458875013945535,2.2140741513714772,1.356246503600012,1.6325012787088875,0.2592396383670004
joint_g02_0333,equator,11915,348,0.9999999999999913,8.659739592076221e-15,8.61350756422648,1.8052232466251632,4.7714362089726565,1.1515774173534625
joint_g02_0333,five_point,11915,348,0.9886820963128701,0.011317903687129927,2.486294824414525,1.2057228978644676,2.0620781348833632,0.3053383312869301
joint_g02_0333,staggered_levels:9:0.380:0,11915,348,0.9937990671128343,0.006200932887165722,2.0321218118528903,1.3567802792753962,1.4977530576565925,0.2573285282977088
joint_g04_0478,equator,11915,350,0.9999999999999919,8.104628079763643e-15,8.349122236524973,1.8016705391584682,4.634100439042932,1.15171411172322
joint_g04_0478,five_point,11915,350,0.9886612638117708,0.011338736188229226,2.4411569446857824,1.2097329808841302,2.0179303889868896,0.3029869202919109
joint_g04_0478,staggered_levels:9:0.380:6,11915,350,0.9935430910117298,0.006456908988270227,2.0162414621821236,1.342915592815477,1.50139105761293,0.25481018666394356
sb_pf_energy,equator,11915,346,0.9999999999999916,8.43769498715119e-15,9.01906579564064,1.8062010978040361,4.993389610163533,1.15492670703695
sb_pf_energy,five_point,11915,346,0.9886628146625218,0.011337185337478184,2.529734124412235,1.2056017493079036,2.09831656752694,0.31531535920164766
sb_pf_energy,staggered_levels:9:0.380:8,11915,346,0.9936112754813045,0.006388724518695543,2.148267063862409,1.3602242664142854,1.5793476979538814,0.2596466453315
sb_pf_flux,equator,11915,358,0.9999999999999922,7.771561172376096e-15,8.846648194985018,1.8026555874278964,4.907564293858142,1.153198385670849
sb_pf_flux,five_point,11915,358,0.9886236214336147,0.011376378566385292,2.4689191549643676,1.211998317760923,2.0370648364640576,0.313475843245322
sb_pf_flux,staggered_levels:9:0.380:8,11915,358,0.9936960093341969,0.006303990665803116,2.066152327525086,1.3399295057579927,1.5419858422747932,0.25331714589550736
sb_hs_energy,equator,11915,348,0.9999999999999911,8.881784197001252e-15,8.917094222327602,1.8060674902125957,4.937298451276566,1.1541810665211527
sb_hs_energy,five_point,11915,348,0.9886519033878438,0.011348096612156189,2.54915846104648,1.2057664727760815,2.1141394445787305,0.30722677705655194
sb_hs_energy,staggered_levels:9:0.380:0,11915,348,0.9938075023577406,0.006192497642259376,2.108990603483201,1.3582870172799706,1.5526840620964981,0.2561646071934499
sb_hs_flux,equator,11915,351,0.999999999999992,7.993605777301127e-15,8.710649866126147,1.8028887512277205,4.8314960422235815,1.1532816691006558
sb_hs_flux,five_point,11915,351,0.9887099392383587,0.011290060761641296,2.5289718094853395,1.208542136306075,2.092580584087184,0.3119352115418493
sb_hs_flux,staggered_levels:9:0.380:2,11915,351,0.9936347466804739,0.006365253319526087,2.0485080398134645,1.3458368778099834,1.522107228289735,0.25214800427326317
sb_ta_energy,equator,11915,348,0.9999999999999913,8.659739592076221e-15,9.449353617078694,1.8064328724884595,5.230946447548696,1.1537601056002402
sb_ta_energy,five_point,11915,348,0.9886915368402094,0.011308463159790616,2.6176333467573323,1.2048549648522304,2.172571324448476,0.30820240187532233
sb_ta_energy,staggered_levels:9:0.380:0,11915,348,0.9938255653039032,0.006174434696096798,2.2061715066798677,1.3590015251738143,1.623376770234089,0.25683308356838846
sb_ta_flux,equator,11915,350,0.9999999999999925,7.549516567451064e-15,9.17194477920022,1.8044828022643742,5.082866274863196,1.152854196450021
sb_ta_flux,five_point,11915,350,0.9886874913883656,0.011312508611634353,2.6062020258205623,1.2080555016932184,2.157352888313238,0.3124222879294557
sb_ta_flux,staggered_levels:9:0.380:8,11915,350,0.9936672634425026,0.006332736557497443,2.2244424791359516,1.3508591954233753,1.6466871504241305,0.2555153386320221
sb_hy_energy,equator,11915,353,0.9999999999999913,8.659739592076221e-15,8.994375706607615,1.8072894883165913,4.976721086883248,1.1549674625955906
sb_hy_energy,five_point,11915,353,0.9887072612654207,0.011292738734579255,2.559867931687503,1.2061409558999592,2.1223621660185343,0.3109872501679344
sb_hy_energy,staggered_levels:9:0.380:2,11915,353,0.9936724672551611,0.006327532744838882,2.1165849808231765,1.3581616236393819,1.5584190747132836,0.2592323406706003
sb_hy_flux,equator,11915,348,0.9999999999999915,8.548717289613705e-15,8.783222315961563,1.8027066158302065,4.872241683052012,1.1526859554702007
sb_hy_flux,five_point,11915,348,0.98865405186972,0.011345948130280004,2.5599669095272604,1.2053819346491519,2.1237807170823286,0.3137225089436247
sb_hy_flux,staggered_levels:9:0.380:0,11915,348,0.9937854533380881,0.006214546661911902,2.1183874039638835,1.3536215293114555,1.5649776234287882,0.2565959192500814
sb_balanced,equator,11915,346,0.9999999999999929,7.105427357601002e-15,8.9151570256944,1.8028364698258617,4.945072487110008,1.155324624624681
sb_balanced,five_point,11915,346,0.9887144495812039,0.011285550418796086,2.5298026159706444,1.2054840254913084,2.0985782992351103,0.3204896499107862
sb_balanced,staggered_levels:9:0.380:0,11915,346,0.9938208123613913,0.006179187638608696,2.0961353475757414,1.3591724780350063,1.5422143851869212,0.258042490387238
